Added a chef , Thu Apr 30 22:26:41 EEST 2020
Added a chef , Thu Apr 30 22:27:09 EEST 2020
Added a chef , Thu Apr 30 22:27:30 EEST 2020
Added a chef , Thu Apr 30 22:27:56 EEST 2020
Showed the chefs , Thu Apr 30 22:28:09 EEST 2020
Added a menu , Thu Apr 30 22:29:34 EEST 2020
Added a menu , Thu Apr 30 22:30:58 EEST 2020
Showed the menu , Thu Apr 30 22:31:03 EEST 2020
Showed the chefs , Thu Apr 30 22:31:16 EEST 2020
Showed the chefs , Thu Apr 30 22:41:24 EEST 2020
Showed the menu , Thu Apr 30 22:41:28 EEST 2020
Erased a chef , Thu Apr 30 22:41:42 EEST 2020
Added an order , Thu Apr 30 22:53:07 EEST 2020
Added an order , Thu Apr 30 23:08:58 EEST 2020
Showed the orders , Thu Apr 30 23:09:06 EEST 2020
Added an order , Thu Apr 30 23:10:20 EEST 2020
Added an order , Thu Apr 30 23:29:03 EEST 2020
Showed the orders , Thu Apr 30 23:29:26 EEST 2020
Showed the orders , Thu Apr 30 23:33:00 EEST 2020
Added a waiter , Thu Apr 30 23:50:54 EEST 2020
Added a waiter , Thu Apr 30 23:51:21 EEST 2020
Showed the chefs , Thu Apr 30 23:51:28 EEST 2020
Erased a waiter , Thu Apr 30 23:52:32 EEST 2020
Added a waiter , Thu Apr 30 23:54:42 EEST 2020
Added a waiter , Thu Apr 30 23:55:20 EEST 2020
Showed the chefs , Thu Apr 30 23:55:42 EEST 2020
Added a chef , Tue Jun 02 16:26:33 EEST 2020
Added a chef , Tue Jun 02 20:50:14 EEST 2020
Added a waiter , Wed Jun 03 00:35:46 EEST 2020
Added a chef , Wed Jun 03 00:37:30 EEST 2020
Added a waiter , Wed Jun 03 00:37:54 EEST 2020
Added a waiter , Wed Jun 03 00:39:25 EEST 2020
Added an order , Wed Jun 03 09:21:43 EEST 2020
Added an order , Wed Jun 03 09:31:47 EEST 2020
Added an order , Wed Jun 03 09:33:37 EEST 2020
Get chefs AWT-EventQueue-0 , Wed Jun 03 16:18:36 EEST 2020
Get ordered chefs by salary AWT-EventQueue-0 , Wed Jun 03 16:18:39 EEST 2020
Get orders, AWT-EventQueue-0 , Wed Jun 03 16:32:59 EEST 2020
Get orders, AWT-EventQueue-0 , Wed Jun 03 16:34:17 EEST 2020
Get orders, AWT-EventQueue-0 , Wed Jun 03 16:34:36 EEST 2020
Get orders, AWT-EventQueue-0 , Wed Jun 03 16:34:56 EEST 2020
Get orders, AWT-EventQueue-0 , Wed Jun 03 16:36:12 EEST 2020
Get orders, AWT-EventQueue-0 , Wed Jun 03 16:37:35 EEST 2020
Get orders, AWT-EventQueue-0 , Wed Jun 03 16:37:50 EEST 2020
Get orders, AWT-EventQueue-0 , Wed Jun 03 16:38:02 EEST 2020
Get orders, AWT-EventQueue-0 , Wed Jun 03 16:38:16 EEST 2020
Get orders, AWT-EventQueue-0 , Wed Jun 03 16:39:47 EEST 2020
Get orders, AWT-EventQueue-0 , Wed Jun 03 16:40:06 EEST 2020
Get orders, AWT-EventQueue-0 , Wed Jun 03 16:41:14 EEST 2020
Get orders, AWT-EventQueue-0 , Wed Jun 03 16:41:26 EEST 2020
Get orders, AWT-EventQueue-0 , Wed Jun 03 16:41:48 EEST 2020
Get orders, AWT-EventQueue-0 , Wed Jun 03 16:42:02 EEST 2020
Get orders, AWT-EventQueue-0 , Wed Jun 03 16:43:05 EEST 2020
Get orders, AWT-EventQueue-0 , Wed Jun 03 16:43:23 EEST 2020
Get orders, AWT-EventQueue-0 , Wed Jun 03 16:43:42 EEST 2020
Get orders, AWT-EventQueue-0 , Wed Jun 03 16:44:14 EEST 2020
Get orders, AWT-EventQueue-0 , Wed Jun 03 16:44:25 EEST 2020
Get orders, AWT-EventQueue-0 , Wed Jun 03 16:44:41 EEST 2020
Get orders, AWT-EventQueue-0 , Wed Jun 03 16:49:40 EEST 2020
Update order menu, AWT-EventQueue-0 , Wed Jun 03 16:49:51 EEST 2020
Get orders, AWT-EventQueue-0 , Wed Jun 03 16:49:54 EEST 2020
Get orders, AWT-EventQueue-0 , Wed Jun 03 16:52:10 EEST 2020
Get orders, AWT-EventQueue-0 , Wed Jun 03 16:53:52 EEST 2020
Get orders, AWT-EventQueue-0 , Wed Jun 03 16:54:24 EEST 2020
Get orders, AWT-EventQueue-0 , Wed Jun 03 16:57:48 EEST 2020
Update order menu, AWT-EventQueue-0 , Wed Jun 03 16:58:01 EEST 2020
Update order price, AWT-EventQueue-0 , Wed Jun 03 16:58:01 EEST 2020
Get orders, AWT-EventQueue-0 , Wed Jun 03 16:58:03 EEST 2020
Get orders, AWT-EventQueue-0 , Wed Jun 03 16:58:21 EEST 2020
Get orders, AWT-EventQueue-0 , Wed Jun 03 17:07:43 EEST 2020
Get chefs, AWT-EventQueue-0 , Wed Jun 03 17:07:49 EEST 2020
Get chefs, AWT-EventQueue-0 , Wed Jun 03 17:08:39 EEST 2020
Get chefs, AWT-EventQueue-0 , Wed Jun 03 17:10:32 EEST 2020
Get waiters, AWT-EventQueue-0 , Wed Jun 03 17:10:35 EEST 2020
Get foods, AWT-EventQueue-0 , Wed Jun 03 17:10:40 EEST 2020
Search food by name, AWT-EventQueue-0 , Wed Jun 03 17:10:40 EEST 2020
Get drinks, AWT-EventQueue-0 , Wed Jun 03 17:10:45 EEST 2020
Get waiters, AWT-EventQueue-0 , Wed Jun 03 17:10:49 EEST 2020
Get chefs, AWT-EventQueue-0 , Wed Jun 03 17:11:46 EEST 2020
Get chefs, AWT-EventQueue-0 , Wed Jun 03 17:11:47 EEST 2020
Get waiters, AWT-EventQueue-0 , Wed Jun 03 17:11:51 EEST 2020
Go To Drinks, AWT-EventQueue-0 , Wed Jun 03 17:47:19 EEST 2020
Get drinks, AWT-EventQueue-0 , Wed Jun 03 17:47:22 EEST 2020
Get chefs, AWT-EventQueue-0 , Wed Jun 03 17:50:30 EEST 2020
Refresh, AWT-EventQueue-0 , Wed Jun 03 17:50:30 EEST 2020
Get chefs, AWT-EventQueue-0 , Wed Jun 03 17:50:32 EEST 2020
Get chefs, AWT-EventQueue-0 , Wed Jun 03 17:50:35 EEST 2020
Add Chefs, AWT-EventQueue-0 , Wed Jun 03 17:52:42 EEST 2020
Get Chefs, AWT-EventQueue-0 , Wed Jun 03 17:52:42 EEST 2020
Get chefs, AWT-EventQueue-0 , Wed Jun 03 17:52:43 EEST 2020
Delete Chef, AWT-EventQueue-0 , Wed Jun 03 17:52:43 EEST 2020
Get Ordered Chefs By Salary Action Listener, AWT-EventQueue-0 , Wed Jun 03 17:52:43 EEST 2020
Refresh Chefs, AWT-EventQueue-0 , Wed Jun 03 17:52:43 EEST 2020
Go to main page, AWT-EventQueue-0 , Wed Jun 03 17:52:43 EEST 2020
Get Chefs, AWT-EventQueue-0 , Wed Jun 03 17:52:44 EEST 2020
Get chefs, AWT-EventQueue-0 , Wed Jun 03 17:52:44 EEST 2020
Go To Orders, AWT-EventQueue-0 , Wed Jun 03 17:52:47 EEST 2020
Go To Chefs, AWT-EventQueue-0 , Wed Jun 03 17:52:47 EEST 2020
Go To Waiters, AWT-EventQueue-0 , Wed Jun 03 17:52:47 EEST 2020
Go To Foods, AWT-EventQueue-0 , Wed Jun 03 17:52:47 EEST 2020
Go To Drinks, AWT-EventQueue-0 , Wed Jun 03 17:52:47 EEST 2020
Main: Go To Orders, AWT-EventQueue-0 , Wed Jun 03 18:08:42 EEST 2020
Main: Go To Chefs, AWT-EventQueue-0 , Wed Jun 03 18:08:42 EEST 2020
Main: Go To Waiters, AWT-EventQueue-0 , Wed Jun 03 18:08:42 EEST 2020
Main: Go To Foods, AWT-EventQueue-0 , Wed Jun 03 18:08:42 EEST 2020
Main: Go To Drinks, AWT-EventQueue-0 , Wed Jun 03 18:08:42 EEST 2020
Orders: addActionListener, AWT-EventQueue-0 , Wed Jun 03 18:08:44 EEST 2020
Orders: getOrdersArray, AWT-EventQueue-0 , Wed Jun 03 18:08:44 EEST 2020
Orders: deleteOrderActionListener, AWT-EventQueue-0 , Wed Jun 03 18:08:45 EEST 2020
Orders: refreshActionListener, AWT-EventQueue-0 , Wed Jun 03 18:08:45 EEST 2020
Orders: updateOrderMenuActionListener, AWT-EventQueue-0 , Wed Jun 03 18:08:45 EEST 2020
Orders: goBackActionListener, AWT-EventQueue-0 , Wed Jun 03 18:08:45 EEST 2020
Orders: getOrdersArray, AWT-EventQueue-0 , Wed Jun 03 18:08:50 EEST 2020
Main: Go To Orders, AWT-EventQueue-0 , Wed Jun 03 18:08:51 EEST 2020
Main: Go To Chefs, AWT-EventQueue-0 , Wed Jun 03 18:08:51 EEST 2020
Main: Go To Waiters, AWT-EventQueue-0 , Wed Jun 03 18:08:51 EEST 2020
Main: Go To Foods, AWT-EventQueue-0 , Wed Jun 03 18:08:51 EEST 2020
Main: Go To Drinks, AWT-EventQueue-0 , Wed Jun 03 18:08:51 EEST 2020
Chefs: addActionListener, AWT-EventQueue-0 , Wed Jun 03 18:08:52 EEST 2020
Chefs: getChefsArray, AWT-EventQueue-0 , Wed Jun 03 18:08:52 EEST 2020
Chefs: deleteChefActionListener, AWT-EventQueue-0 , Wed Jun 03 18:08:52 EEST 2020
Chefs: getOrderedChefsBySalaryActionListener, AWT-EventQueue-0 , Wed Jun 03 18:08:52 EEST 2020
Chefs: refreshActionListener, AWT-EventQueue-0 , Wed Jun 03 18:08:52 EEST 2020
Chefs: Go to main page, AWT-EventQueue-0 , Wed Jun 03 18:08:52 EEST 2020
Chefs: getChefsArray, AWT-EventQueue-0 , Wed Jun 03 18:08:53 EEST 2020
Chefs: getOrderedChefsBySalaryArray, AWT-EventQueue-0 , Wed Jun 03 18:08:54 EEST 2020
Chefs: getChefsArray, AWT-EventQueue-0 , Wed Jun 03 18:08:55 EEST 2020
Main: Go To Orders, AWT-EventQueue-0 , Wed Jun 03 18:08:56 EEST 2020
Main: Go To Chefs, AWT-EventQueue-0 , Wed Jun 03 18:08:56 EEST 2020
Main: Go To Waiters, AWT-EventQueue-0 , Wed Jun 03 18:08:56 EEST 2020
Main: Go To Foods, AWT-EventQueue-0 , Wed Jun 03 18:08:56 EEST 2020
Main: Go To Drinks, AWT-EventQueue-0 , Wed Jun 03 18:08:56 EEST 2020
Waiters: addActionListener, AWT-EventQueue-0 , Wed Jun 03 18:08:57 EEST 2020
Waiters: getWaitersArray, AWT-EventQueue-0 , Wed Jun 03 18:08:57 EEST 2020
Waiters: deleteWaiterActionListener, AWT-EventQueue-0 , Wed Jun 03 18:08:57 EEST 2020
Waiters: refreshActionListener, AWT-EventQueue-0 , Wed Jun 03 18:08:57 EEST 2020
Waiters: goBackActionListener, AWT-EventQueue-0 , Wed Jun 03 18:08:57 EEST 2020
Main: Go To Orders, AWT-EventQueue-0 , Wed Jun 03 18:08:59 EEST 2020
Main: Go To Chefs, AWT-EventQueue-0 , Wed Jun 03 18:08:59 EEST 2020
Main: Go To Waiters, AWT-EventQueue-0 , Wed Jun 03 18:08:59 EEST 2020
Main: Go To Foods, AWT-EventQueue-0 , Wed Jun 03 18:08:59 EEST 2020
Main: Go To Drinks, AWT-EventQueue-0 , Wed Jun 03 18:08:59 EEST 2020
Foods: addActionListener, AWT-EventQueue-0 , Wed Jun 03 18:09:01 EEST 2020
Foods: getFoodsArray, AWT-EventQueue-0 , Wed Jun 03 18:09:01 EEST 2020
Foods: searchFood, AWT-EventQueue-0 , Wed Jun 03 18:09:01 EEST 2020
Foods: searchActionListener, AWT-EventQueue-0 , Wed Jun 03 18:09:01 EEST 2020
Foods: refreshActionListener, AWT-EventQueue-0 , Wed Jun 03 18:09:01 EEST 2020
Foods: goBackActionListener, AWT-EventQueue-0 , Wed Jun 03 18:09:01 EEST 2020
Foods: getFoodsArray, AWT-EventQueue-0 , Wed Jun 03 18:09:03 EEST 2020
Main: Go To Orders, AWT-EventQueue-0 , Wed Jun 03 18:09:04 EEST 2020
Main: Go To Chefs, AWT-EventQueue-0 , Wed Jun 03 18:09:04 EEST 2020
Main: Go To Waiters, AWT-EventQueue-0 , Wed Jun 03 18:09:04 EEST 2020
Main: Go To Foods, AWT-EventQueue-0 , Wed Jun 03 18:09:04 EEST 2020
Main: Go To Drinks, AWT-EventQueue-0 , Wed Jun 03 18:09:04 EEST 2020
Drinks: addActionListener, AWT-EventQueue-0 , Wed Jun 03 18:09:04 EEST 2020
Drinks: getDrinksArray, AWT-EventQueue-0 , Wed Jun 03 18:09:04 EEST 2020
Drinks: refreshActionListener, AWT-EventQueue-0 , Wed Jun 03 18:09:04 EEST 2020
Drinks: goBackActionListener, AWT-EventQueue-0 , Wed Jun 03 18:09:04 EEST 2020
Drinks: getDrinksArray, AWT-EventQueue-0 , Wed Jun 03 18:09:05 EEST 2020
Main: Go To Orders, AWT-EventQueue-0 , Wed Jun 03 18:09:06 EEST 2020
Main: Go To Chefs, AWT-EventQueue-0 , Wed Jun 03 18:09:06 EEST 2020
Main: Go To Waiters, AWT-EventQueue-0 , Wed Jun 03 18:09:06 EEST 2020
Main: Go To Foods, AWT-EventQueue-0 , Wed Jun 03 18:09:06 EEST 2020
Main: Go To Drinks, AWT-EventQueue-0 , Wed Jun 03 18:09:06 EEST 2020
Main: Go To Orders, AWT-EventQueue-0 , Wed Jun 03 18:13:10 EEST 2020
Main: Go To Chefs, AWT-EventQueue-0 , Wed Jun 03 18:13:10 EEST 2020
Main: Go To Waiters, AWT-EventQueue-0 , Wed Jun 03 18:13:10 EEST 2020
Main: Go To Foods, AWT-EventQueue-0 , Wed Jun 03 18:13:10 EEST 2020
Main: Go To Drinks, AWT-EventQueue-0 , Wed Jun 03 18:13:10 EEST 2020
Orders: addActionListener, AWT-EventQueue-0 , Wed Jun 03 18:13:11 EEST 2020
Orders: getOrdersArray, AWT-EventQueue-0 , Wed Jun 03 18:13:11 EEST 2020
Orders: deleteOrderActionListener, AWT-EventQueue-0 , Wed Jun 03 18:13:12 EEST 2020
Orders: refreshActionListener, AWT-EventQueue-0 , Wed Jun 03 18:13:12 EEST 2020
Orders: updateOrderMenuActionListener, AWT-EventQueue-0 , Wed Jun 03 18:13:12 EEST 2020
Orders: goBackActionListener, AWT-EventQueue-0 , Wed Jun 03 18:13:12 EEST 2020
Main: Go To Orders, AWT-EventQueue-0 , Wed Jun 03 18:13:19 EEST 2020
Main: Go To Chefs, AWT-EventQueue-0 , Wed Jun 03 18:13:19 EEST 2020
Main: Go To Waiters, AWT-EventQueue-0 , Wed Jun 03 18:13:19 EEST 2020
Main: Go To Foods, AWT-EventQueue-0 , Wed Jun 03 18:13:19 EEST 2020
Main: Go To Drinks, AWT-EventQueue-0 , Wed Jun 03 18:13:19 EEST 2020
Chefs: addActionListener, AWT-EventQueue-0 , Wed Jun 03 18:13:20 EEST 2020
Chefs: getChefsArray, AWT-EventQueue-0 , Wed Jun 03 18:13:20 EEST 2020
Chefs: deleteChefActionListener, AWT-EventQueue-0 , Wed Jun 03 18:13:20 EEST 2020
Chefs: getOrderedChefsBySalaryActionListener, AWT-EventQueue-0 , Wed Jun 03 18:13:20 EEST 2020
Chefs: refreshActionListener, AWT-EventQueue-0 , Wed Jun 03 18:13:20 EEST 2020
Chefs: Go to main page, AWT-EventQueue-0 , Wed Jun 03 18:13:20 EEST 2020
Chefs: getChefsArray, AWT-EventQueue-0 , Wed Jun 03 18:13:29 EEST 2020
Chefs: getOrderedChefsBySalaryArray, AWT-EventQueue-0 , Wed Jun 03 18:13:32 EEST 2020
Chefs: getChefsArray, AWT-EventQueue-0 , Wed Jun 03 18:13:34 EEST 2020
Chefs: getChefsArray, AWT-EventQueue-0 , Wed Jun 03 18:13:36 EEST 2020
Main: Go To Orders, AWT-EventQueue-0 , Wed Jun 03 18:13:37 EEST 2020
Main: Go To Chefs, AWT-EventQueue-0 , Wed Jun 03 18:13:37 EEST 2020
Main: Go To Waiters, AWT-EventQueue-0 , Wed Jun 03 18:13:37 EEST 2020
Main: Go To Foods, AWT-EventQueue-0 , Wed Jun 03 18:13:37 EEST 2020
Main: Go To Drinks, AWT-EventQueue-0 , Wed Jun 03 18:13:37 EEST 2020
Main: Go To Orders, AWT-EventQueue-0 , Wed Jun 03 18:24:57 EEST 2020
Main: Go To Chefs, AWT-EventQueue-0 , Wed Jun 03 18:24:57 EEST 2020
Main: Go To Waiters, AWT-EventQueue-0 , Wed Jun 03 18:24:57 EEST 2020
Main: Go To Foods, AWT-EventQueue-0 , Wed Jun 03 18:24:57 EEST 2020
Main: Go To Drinks, AWT-EventQueue-0 , Wed Jun 03 18:24:57 EEST 2020
Chefs: addActionListener, AWT-EventQueue-0 , Wed Jun 03 18:24:58 EEST 2020
Chefs: getChefsArray, AWT-EventQueue-0 , Wed Jun 03 18:24:58 EEST 2020
Chefs: deleteChefActionListener, AWT-EventQueue-0 , Wed Jun 03 18:24:59 EEST 2020
Chefs: getOrderedChefsBySalaryActionListener, AWT-EventQueue-0 , Wed Jun 03 18:24:59 EEST 2020
Chefs: refreshActionListener, AWT-EventQueue-0 , Wed Jun 03 18:24:59 EEST 2020
Chefs: Go to main page, AWT-EventQueue-0 , Wed Jun 03 18:24:59 EEST 2020
Main: Go To Orders, AWT-EventQueue-0 , Wed Jun 03 18:25:00 EEST 2020
Main: Go To Chefs, AWT-EventQueue-0 , Wed Jun 03 18:25:00 EEST 2020
Main: Go To Waiters, AWT-EventQueue-0 , Wed Jun 03 18:25:00 EEST 2020
Main: Go To Foods, AWT-EventQueue-0 , Wed Jun 03 18:25:00 EEST 2020
Main: Go To Drinks, AWT-EventQueue-0 , Wed Jun 03 18:25:00 EEST 2020
Foods: addActionListener, AWT-EventQueue-0 , Wed Jun 03 18:25:01 EEST 2020
Foods: getFoodsArray, AWT-EventQueue-0 , Wed Jun 03 18:25:01 EEST 2020
Foods: searchFood, AWT-EventQueue-0 , Wed Jun 03 18:25:01 EEST 2020
Foods: searchActionListener, AWT-EventQueue-0 , Wed Jun 03 18:25:01 EEST 2020
Foods: refreshActionListener, AWT-EventQueue-0 , Wed Jun 03 18:25:01 EEST 2020
Foods: goBackActionListener, AWT-EventQueue-0 , Wed Jun 03 18:25:01 EEST 2020
Main: Go To Orders, AWT-EventQueue-0 , Wed Jun 03 18:25:09 EEST 2020
Main: Go To Chefs, AWT-EventQueue-0 , Wed Jun 03 18:25:09 EEST 2020
Main: Go To Waiters, AWT-EventQueue-0 , Wed Jun 03 18:25:09 EEST 2020
Main: Go To Foods, AWT-EventQueue-0 , Wed Jun 03 18:25:09 EEST 2020
Main: Go To Drinks, AWT-EventQueue-0 , Wed Jun 03 18:25:09 EEST 2020
Drinks: addActionListener, AWT-EventQueue-0 , Wed Jun 03 18:25:10 EEST 2020
Drinks: getDrinksArray, AWT-EventQueue-0 , Wed Jun 03 18:25:10 EEST 2020
Drinks: refreshActionListener, AWT-EventQueue-0 , Wed Jun 03 18:25:10 EEST 2020
Drinks: goBackActionListener, AWT-EventQueue-0 , Wed Jun 03 18:25:10 EEST 2020
Main: Go To Orders, AWT-EventQueue-0 , Wed Jun 03 18:25:11 EEST 2020
Main: Go To Chefs, AWT-EventQueue-0 , Wed Jun 03 18:25:11 EEST 2020
Main: Go To Waiters, AWT-EventQueue-0 , Wed Jun 03 18:25:11 EEST 2020
Main: Go To Foods, AWT-EventQueue-0 , Wed Jun 03 18:25:11 EEST 2020
Main: Go To Drinks, AWT-EventQueue-0 , Wed Jun 03 18:25:11 EEST 2020
Waiters: addActionListener, AWT-EventQueue-0 , Wed Jun 03 18:25:11 EEST 2020
Waiters: getWaitersArray, AWT-EventQueue-0 , Wed Jun 03 18:25:11 EEST 2020
Waiters: deleteWaiterActionListener, AWT-EventQueue-0 , Wed Jun 03 18:25:11 EEST 2020
Waiters: refreshActionListener, AWT-EventQueue-0 , Wed Jun 03 18:25:11 EEST 2020
Waiters: goBackActionListener, AWT-EventQueue-0 , Wed Jun 03 18:25:11 EEST 2020
Main: Go To Orders, AWT-EventQueue-0 , Wed Jun 03 18:25:13 EEST 2020
Main: Go To Chefs, AWT-EventQueue-0 , Wed Jun 03 18:25:13 EEST 2020
Main: Go To Waiters, AWT-EventQueue-0 , Wed Jun 03 18:25:13 EEST 2020
Main: Go To Foods, AWT-EventQueue-0 , Wed Jun 03 18:25:13 EEST 2020
Main: Go To Drinks, AWT-EventQueue-0 , Wed Jun 03 18:25:13 EEST 2020
Main: Go To Orders, AWT-EventQueue-0 , Wed Jun 03 18:35:38 EEST 2020
Main: Go To Chefs, AWT-EventQueue-0 , Wed Jun 03 18:35:38 EEST 2020
Main: Go To Waiters, AWT-EventQueue-0 , Wed Jun 03 18:35:38 EEST 2020
Main: Go To Foods, AWT-EventQueue-0 , Wed Jun 03 18:35:38 EEST 2020
Main: Go To Drinks, AWT-EventQueue-0 , Wed Jun 03 18:35:38 EEST 2020
Orders: addActionListener, AWT-EventQueue-0 , Wed Jun 03 18:35:43 EEST 2020
Orders: getOrdersArray, AWT-EventQueue-0 , Wed Jun 03 18:35:43 EEST 2020
Orders: deleteOrderActionListener, AWT-EventQueue-0 , Wed Jun 03 18:35:44 EEST 2020
Orders: refreshActionListener, AWT-EventQueue-0 , Wed Jun 03 18:35:44 EEST 2020
Orders: updateOrderMenuActionListener, AWT-EventQueue-0 , Wed Jun 03 18:35:44 EEST 2020
Orders: goBackActionListener, AWT-EventQueue-0 , Wed Jun 03 18:35:44 EEST 2020
Orders: getOrdersArray, AWT-EventQueue-0 , Wed Jun 03 18:35:56 EEST 2020
Orders: getOrdersArray, AWT-EventQueue-0 , Wed Jun 03 18:36:00 EEST 2020
Orders: getOrdersArray, AWT-EventQueue-0 , Wed Jun 03 18:36:33 EEST 2020
Main: Go To Orders, AWT-EventQueue-0 , Wed Jun 03 18:36:37 EEST 2020
Main: Go To Chefs, AWT-EventQueue-0 , Wed Jun 03 18:36:37 EEST 2020
Main: Go To Waiters, AWT-EventQueue-0 , Wed Jun 03 18:36:37 EEST 2020
Main: Go To Foods, AWT-EventQueue-0 , Wed Jun 03 18:36:37 EEST 2020
Main: Go To Drinks, AWT-EventQueue-0 , Wed Jun 03 18:36:37 EEST 2020
Chefs: addActionListener, AWT-EventQueue-0 , Wed Jun 03 18:36:38 EEST 2020
Chefs: getChefsArray, AWT-EventQueue-0 , Wed Jun 03 18:36:38 EEST 2020
Chefs: deleteChefActionListener, AWT-EventQueue-0 , Wed Jun 03 18:36:38 EEST 2020
Chefs: getOrderedChefsBySalaryActionListener, AWT-EventQueue-0 , Wed Jun 03 18:36:38 EEST 2020
Chefs: refreshActionListener, AWT-EventQueue-0 , Wed Jun 03 18:36:38 EEST 2020
Chefs: Go to main page, AWT-EventQueue-0 , Wed Jun 03 18:36:38 EEST 2020
Chefs: getOrderedChefsBySalaryArray, AWT-EventQueue-0 , Wed Jun 03 18:36:46 EEST 2020
Chefs: getChefsArray, AWT-EventQueue-0 , Wed Jun 03 18:36:48 EEST 2020
Main: Go To Orders, AWT-EventQueue-0 , Wed Jun 03 18:36:50 EEST 2020
Main: Go To Chefs, AWT-EventQueue-0 , Wed Jun 03 18:36:50 EEST 2020
Main: Go To Waiters, AWT-EventQueue-0 , Wed Jun 03 18:36:50 EEST 2020
Main: Go To Foods, AWT-EventQueue-0 , Wed Jun 03 18:36:50 EEST 2020
Main: Go To Drinks, AWT-EventQueue-0 , Wed Jun 03 18:36:50 EEST 2020
Waiters: addActionListener, AWT-EventQueue-0 , Wed Jun 03 18:36:50 EEST 2020
Waiters: getWaitersArray, AWT-EventQueue-0 , Wed Jun 03 18:36:50 EEST 2020
Waiters: deleteWaiterActionListener, AWT-EventQueue-0 , Wed Jun 03 18:36:50 EEST 2020
Waiters: refreshActionListener, AWT-EventQueue-0 , Wed Jun 03 18:36:50 EEST 2020
Waiters: goBackActionListener, AWT-EventQueue-0 , Wed Jun 03 18:36:50 EEST 2020
Main: Go To Orders, AWT-EventQueue-0 , Wed Jun 03 18:36:53 EEST 2020
Main: Go To Chefs, AWT-EventQueue-0 , Wed Jun 03 18:36:53 EEST 2020
Main: Go To Waiters, AWT-EventQueue-0 , Wed Jun 03 18:36:53 EEST 2020
Main: Go To Foods, AWT-EventQueue-0 , Wed Jun 03 18:36:53 EEST 2020
Main: Go To Drinks, AWT-EventQueue-0 , Wed Jun 03 18:36:53 EEST 2020
Foods: addActionListener, AWT-EventQueue-0 , Wed Jun 03 18:36:54 EEST 2020
Foods: getFoodsArray, AWT-EventQueue-0 , Wed Jun 03 18:36:54 EEST 2020
Foods: searchFood, AWT-EventQueue-0 , Wed Jun 03 18:36:54 EEST 2020
Foods: searchActionListener, AWT-EventQueue-0 , Wed Jun 03 18:36:54 EEST 2020
Foods: refreshActionListener, AWT-EventQueue-0 , Wed Jun 03 18:36:54 EEST 2020
Foods: goBackActionListener, AWT-EventQueue-0 , Wed Jun 03 18:36:54 EEST 2020
Foods: searchFood, AWT-EventQueue-0 , Wed Jun 03 18:37:04 EEST 2020
Main: Go To Orders, AWT-EventQueue-0 , Wed Jun 03 18:37:13 EEST 2020
Main: Go To Chefs, AWT-EventQueue-0 , Wed Jun 03 18:37:13 EEST 2020
Main: Go To Waiters, AWT-EventQueue-0 , Wed Jun 03 18:37:13 EEST 2020
Main: Go To Foods, AWT-EventQueue-0 , Wed Jun 03 18:37:13 EEST 2020
Main: Go To Drinks, AWT-EventQueue-0 , Wed Jun 03 18:37:13 EEST 2020
Orders: addActionListener, AWT-EventQueue-0 , Wed Jun 03 18:37:14 EEST 2020
Orders: getOrdersArray, AWT-EventQueue-0 , Wed Jun 03 18:37:14 EEST 2020
Orders: deleteOrderActionListener, AWT-EventQueue-0 , Wed Jun 03 18:37:14 EEST 2020
Orders: refreshActionListener, AWT-EventQueue-0 , Wed Jun 03 18:37:14 EEST 2020
Orders: updateOrderMenuActionListener, AWT-EventQueue-0 , Wed Jun 03 18:37:14 EEST 2020
Orders: goBackActionListener, AWT-EventQueue-0 , Wed Jun 03 18:37:14 EEST 2020
Main: Go To Orders, AWT-EventQueue-0 , Wed Jun 03 18:43:39 EEST 2020
Main: Go To Chefs, AWT-EventQueue-0 , Wed Jun 03 18:43:39 EEST 2020
Main: Go To Waiters, AWT-EventQueue-0 , Wed Jun 03 18:43:39 EEST 2020
Main: Go To Foods, AWT-EventQueue-0 , Wed Jun 03 18:43:39 EEST 2020
Main: Go To Drinks, AWT-EventQueue-0 , Wed Jun 03 18:43:39 EEST 2020
Main: Go To Orders, AWT-EventQueue-0 , Fri Jun 05 19:32:51 EEST 2020
Main: Go To Chefs, AWT-EventQueue-0 , Fri Jun 05 19:32:51 EEST 2020
Main: Go To Waiters, AWT-EventQueue-0 , Fri Jun 05 19:32:51 EEST 2020
Main: Go To Foods, AWT-EventQueue-0 , Fri Jun 05 19:32:51 EEST 2020
Main: Go To Drinks, AWT-EventQueue-0 , Fri Jun 05 19:32:51 EEST 2020
Orders: addActionListener, AWT-EventQueue-0 , Fri Jun 05 19:32:53 EEST 2020
Orders: getOrdersArray, AWT-EventQueue-0 , Fri Jun 05 19:32:53 EEST 2020
Orders: deleteOrderActionListener, AWT-EventQueue-0 , Fri Jun 05 19:32:54 EEST 2020
Orders: refreshActionListener, AWT-EventQueue-0 , Fri Jun 05 19:32:54 EEST 2020
Orders: updateOrderMenuActionListener, AWT-EventQueue-0 , Fri Jun 05 19:32:54 EEST 2020
Orders: goBackActionListener, AWT-EventQueue-0 , Fri Jun 05 19:32:54 EEST 2020
Orders: getOrdersArray, AWT-EventQueue-0 , Fri Jun 05 19:33:18 EEST 2020
Orders: getOrdersArray, AWT-EventQueue-0 , Fri Jun 05 19:33:20 EEST 2020
Orders: getOrdersArray, AWT-EventQueue-0 , Fri Jun 05 19:33:21 EEST 2020
Orders: getOrdersArray, AWT-EventQueue-0 , Fri Jun 05 19:33:35 EEST 2020
Main: Go To Orders, AWT-EventQueue-0 , Fri Jun 05 19:33:37 EEST 2020
Main: Go To Chefs, AWT-EventQueue-0 , Fri Jun 05 19:33:37 EEST 2020
Main: Go To Waiters, AWT-EventQueue-0 , Fri Jun 05 19:33:37 EEST 2020
Main: Go To Foods, AWT-EventQueue-0 , Fri Jun 05 19:33:37 EEST 2020
Main: Go To Drinks, AWT-EventQueue-0 , Fri Jun 05 19:33:37 EEST 2020
Chefs: addActionListener, AWT-EventQueue-0 , Fri Jun 05 19:33:38 EEST 2020
Chefs: getChefsArray, AWT-EventQueue-0 , Fri Jun 05 19:33:38 EEST 2020
Chefs: deleteChefActionListener, AWT-EventQueue-0 , Fri Jun 05 19:33:38 EEST 2020
Chefs: getOrderedChefsBySalaryActionListener, AWT-EventQueue-0 , Fri Jun 05 19:33:38 EEST 2020
Chefs: refreshActionListener, AWT-EventQueue-0 , Fri Jun 05 19:33:38 EEST 2020
Chefs: Go to main page, AWT-EventQueue-0 , Fri Jun 05 19:33:38 EEST 2020
Main: Go To Orders, AWT-EventQueue-0 , Fri Jun 05 19:33:42 EEST 2020
Main: Go To Chefs, AWT-EventQueue-0 , Fri Jun 05 19:33:42 EEST 2020
Main: Go To Waiters, AWT-EventQueue-0 , Fri Jun 05 19:33:42 EEST 2020
Main: Go To Foods, AWT-EventQueue-0 , Fri Jun 05 19:33:42 EEST 2020
Main: Go To Drinks, AWT-EventQueue-0 , Fri Jun 05 19:33:42 EEST 2020
Foods: addActionListener, AWT-EventQueue-0 , Fri Jun 05 19:33:43 EEST 2020
Foods: getFoodsArray, AWT-EventQueue-0 , Fri Jun 05 19:33:43 EEST 2020
Foods: searchFood, AWT-EventQueue-0 , Fri Jun 05 19:33:43 EEST 2020
Foods: searchActionListener, AWT-EventQueue-0 , Fri Jun 05 19:33:43 EEST 2020
Foods: refreshActionListener, AWT-EventQueue-0 , Fri Jun 05 19:33:43 EEST 2020
Foods: goBackActionListener, AWT-EventQueue-0 , Fri Jun 05 19:33:43 EEST 2020
Main: Go To Orders, AWT-EventQueue-0 , Fri Jun 05 19:33:50 EEST 2020
Main: Go To Chefs, AWT-EventQueue-0 , Fri Jun 05 19:33:50 EEST 2020
Main: Go To Waiters, AWT-EventQueue-0 , Fri Jun 05 19:33:50 EEST 2020
Main: Go To Foods, AWT-EventQueue-0 , Fri Jun 05 19:33:50 EEST 2020
Main: Go To Drinks, AWT-EventQueue-0 , Fri Jun 05 19:33:50 EEST 2020
Foods: addActionListener, AWT-EventQueue-0 , Fri Jun 05 19:33:53 EEST 2020
Foods: getFoodsArray, AWT-EventQueue-0 , Fri Jun 05 19:33:53 EEST 2020
Foods: searchFood, AWT-EventQueue-0 , Fri Jun 05 19:33:53 EEST 2020
Foods: searchActionListener, AWT-EventQueue-0 , Fri Jun 05 19:33:53 EEST 2020
Foods: refreshActionListener, AWT-EventQueue-0 , Fri Jun 05 19:33:53 EEST 2020
Foods: goBackActionListener, AWT-EventQueue-0 , Fri Jun 05 19:33:53 EEST 2020
Main: Go To Orders, AWT-EventQueue-0 , Fri Jun 05 19:33:59 EEST 2020
Main: Go To Chefs, AWT-EventQueue-0 , Fri Jun 05 19:33:59 EEST 2020
Main: Go To Waiters, AWT-EventQueue-0 , Fri Jun 05 19:33:59 EEST 2020
Main: Go To Foods, AWT-EventQueue-0 , Fri Jun 05 19:33:59 EEST 2020
Main: Go To Drinks, AWT-EventQueue-0 , Fri Jun 05 19:33:59 EEST 2020
Drinks: addActionListener, AWT-EventQueue-0 , Fri Jun 05 19:34:00 EEST 2020
Drinks: getDrinksArray, AWT-EventQueue-0 , Fri Jun 05 19:34:00 EEST 2020
Drinks: refreshActionListener, AWT-EventQueue-0 , Fri Jun 05 19:34:00 EEST 2020
Drinks: goBackActionListener, AWT-EventQueue-0 , Fri Jun 05 19:34:00 EEST 2020
Main: Go To Orders, AWT-EventQueue-0 , Fri Jun 05 19:34:05 EEST 2020
Main: Go To Chefs, AWT-EventQueue-0 , Fri Jun 05 19:34:05 EEST 2020
Main: Go To Waiters, AWT-EventQueue-0 , Fri Jun 05 19:34:05 EEST 2020
Main: Go To Foods, AWT-EventQueue-0 , Fri Jun 05 19:34:05 EEST 2020
Main: Go To Drinks, AWT-EventQueue-0 , Fri Jun 05 19:34:05 EEST 2020
Main: Go To Orders, AWT-EventQueue-0 , Fri Jun 05 19:34:25 EEST 2020
Main: Go To Chefs, AWT-EventQueue-0 , Fri Jun 05 19:34:25 EEST 2020
Main: Go To Waiters, AWT-EventQueue-0 , Fri Jun 05 19:34:25 EEST 2020
Main: Go To Foods, AWT-EventQueue-0 , Fri Jun 05 19:34:25 EEST 2020
Main: Go To Drinks, AWT-EventQueue-0 , Fri Jun 05 19:34:25 EEST 2020
Orders: addActionListener, AWT-EventQueue-0 , Fri Jun 05 19:34:28 EEST 2020
Orders: getOrdersArray, AWT-EventQueue-0 , Fri Jun 05 19:34:28 EEST 2020
Orders: deleteOrderActionListener, AWT-EventQueue-0 , Fri Jun 05 19:34:29 EEST 2020
Orders: refreshActionListener, AWT-EventQueue-0 , Fri Jun 05 19:34:29 EEST 2020
Orders: updateOrderMenuActionListener, AWT-EventQueue-0 , Fri Jun 05 19:34:29 EEST 2020
Orders: goBackActionListener, AWT-EventQueue-0 , Fri Jun 05 19:34:29 EEST 2020
Main: Go To Orders, AWT-EventQueue-0 , Fri Jun 05 19:34:58 EEST 2020
Main: Go To Chefs, AWT-EventQueue-0 , Fri Jun 05 19:34:58 EEST 2020
Main: Go To Waiters, AWT-EventQueue-0 , Fri Jun 05 19:34:58 EEST 2020
Main: Go To Foods, AWT-EventQueue-0 , Fri Jun 05 19:34:58 EEST 2020
Main: Go To Drinks, AWT-EventQueue-0 , Fri Jun 05 19:34:58 EEST 2020
Chefs: addActionListener, AWT-EventQueue-0 , Fri Jun 05 19:34:59 EEST 2020
Chefs: getChefsArray, AWT-EventQueue-0 , Fri Jun 05 19:34:59 EEST 2020
Chefs: deleteChefActionListener, AWT-EventQueue-0 , Fri Jun 05 19:34:59 EEST 2020
Chefs: getOrderedChefsBySalaryActionListener, AWT-EventQueue-0 , Fri Jun 05 19:34:59 EEST 2020
Chefs: refreshActionListener, AWT-EventQueue-0 , Fri Jun 05 19:34:59 EEST 2020
Chefs: Go to main page, AWT-EventQueue-0 , Fri Jun 05 19:34:59 EEST 2020
Chefs: getOrderedChefsBySalaryArray, AWT-EventQueue-0 , Fri Jun 05 19:35:08 EEST 2020
Chefs: getOrderedChefsBySalaryArray, AWT-EventQueue-0 , Fri Jun 05 19:35:08 EEST 2020
Chefs: getOrderedChefsBySalaryArray, AWT-EventQueue-0 , Fri Jun 05 19:35:09 EEST 2020
Chefs: getOrderedChefsBySalaryArray, AWT-EventQueue-0 , Fri Jun 05 19:35:09 EEST 2020
Chefs: getOrderedChefsBySalaryArray, AWT-EventQueue-0 , Fri Jun 05 19:35:09 EEST 2020
Chefs: getOrderedChefsBySalaryArray, AWT-EventQueue-0 , Fri Jun 05 19:35:09 EEST 2020
Chefs: getChefsArray, AWT-EventQueue-0 , Fri Jun 05 19:35:11 EEST 2020
Chefs: getOrderedChefsBySalaryArray, AWT-EventQueue-0 , Fri Jun 05 19:35:12 EEST 2020
